{"Epoch": 0, "Training Loss": 0.01732987055402191, "Validation Loss": 0.030865817061567213, "Time": 2.244476795196533, "Total time": 2.244476795196533}
{"Epoch": 1, "Training Loss": 0.009225589871221018, "Validation Loss": 0.03406331107544247, "Time": 2.1615688800811768, "Total time": 4.40604567527771}
{"Epoch": 2, "Training Loss": 0.009428888657112111, "Validation Loss": 0.03631322276487481, "Time": 2.180659055709839, "Total time": 6.586703777313232}
{"Epoch": 3, "Training Loss": 0.009797440113743505, "Validation Loss": 0.0379061812418513, "Time": 2.162220001220703, "Total time": 8.748923778533936}
{"Epoch": 4, "Training Loss": 0.010229114860521804, "Validation Loss": 0.03857556529692374, "Time": 2.1733250617980957, "Total time": 10.922248840332031}
{"Epoch": 5, "Training Loss": 0.010586127881651919, "Validation Loss": 0.03936827475990867, "Time": 2.15863299369812, "Total time": 13.080881834030151}
{"Epoch": 6, "Training Loss": 0.010927162579264404, "Validation Loss": 0.04092926836165134, "Time": 2.1673529148101807, "Total time": 15.248234748840332}
{"Epoch": 7, "Training Loss": 0.010833157545221184, "Validation Loss": 0.0407996529029333, "Time": 2.1742818355560303, "Total time": 17.422515630722046}
{"Epoch": 8, "Training Loss": 0.010792348541144747, "Validation Loss": 0.041559464421879966, "Time": 2.182537078857422, "Total time": 19.60505175590515}
{"Epoch": 9, "Training Loss": 0.01085500629096714, "Validation Loss": 0.04355408384435577, "Time": 2.1640748977661133, "Total time": 21.769126653671265}
{"Epoch": 0, "Training Loss": 2.583830443676561, "Validation Loss": 2.4543685913085938, "Training Acc": 0.3494603562867269, "Validation Acc": 0.37052631517872214, "Time": 2.536695957183838, "Total time": 2.536695957183838}
{"Epoch": 1, "Training Loss": 2.523446533130482, "Validation Loss": 2.452094689011574, "Training Acc": 0.3624860350973904, "Validation Acc": 0.37052631517872214, "Time": 2.41157603263855, "Total time": 4.948271989822388}
{"Epoch": 2, "Training Loss": 2.5188629829790443, "Validation Loss": 2.4545194189995527, "Training Acc": 0.3624860350973904, "Validation Acc": 0.37052631517872214, "Time": 2.471033811569214, "Total time": 7.419305801391602}
{"Epoch": 3, "Training Loss": 2.508355945115909, "Validation Loss": 2.471557063050568, "Training Acc": 0.3624860350973904, "Validation Acc": 0.37052631517872214, "Time": 2.4933149814605713, "Total time": 9.912620782852173}
{"Epoch": 4, "Training Loss": 2.4970355115365237, "Validation Loss": 2.55435299500823, "Training Acc": 0.3624860350973904, "Validation Acc": 0.37052631517872214, "Time": 2.442857027053833, "Total time": 12.355477809906006}
{"Epoch": 5, "Training Loss": 2.474699992220849, "Validation Loss": 2.6609243396669626, "Training Acc": 0.3624860350973904, "Validation Acc": 0.37052631517872214, "Time": 2.455658197402954, "Total time": 14.81113600730896}
{"Epoch": 6, "Training Loss": 2.44334475020878, "Validation Loss": 2.4942248445004225, "Training Acc": 0.3624860350973904, "Validation Acc": 0.37052631517872214, "Time": 2.463294744491577, "Total time": 17.274430751800537}
{"Epoch": 7, "Training Loss": 2.399826107895933, "Validation Loss": 2.486744711175561, "Training Acc": 0.36136954865651205, "Validation Acc": 0.37052631471306086, "Time": 2.4713122844696045, "Total time": 19.74574303627014}
{"Epoch": 8, "Training Loss": 2.3770909201703034, "Validation Loss": 2.397350930608809, "Training Acc": 0.3639746844419278, "Validation Acc": 0.37473684130236506, "Time": 2.4161839485168457, "Total time": 22.161926984786987}
{"Epoch": 9, "Training Loss": 2.3494153870269656, "Validation Loss": 2.4118378683924675, "Training Acc": 0.3662076574983075, "Validation Acc": 0.3789473669603467, "Time": 2.4261319637298584, "Total time": 24.58805799484253}
