{"Epoch": 0, "Training Loss": 0.015856634576266515, "Validation Loss": 0.03128789229958784, "Time": 2.4476940631866455, "Total time": 2.447693109512329}
