{"Epoch": 0, "Training Loss": 0.0058524248457662575, "Validation Loss": 0.0009895137020836664, "Time": 66.1010947227478, "Total time": 66.1010947227478}
{"Epoch": 1, "Training Loss": 0.000954820188060812, "Validation Loss": 0.0008694543215834738, "Time": 66.11733722686768, "Total time": 132.21843194961548}
{"Epoch": 2, "Training Loss": 0.0008958541907508333, "Validation Loss": 0.0008486236657965218, "Time": 87.79931807518005, "Total time": 220.01775002479553}
{"Epoch": 3, "Training Loss": 0.0008763312527400591, "Validation Loss": 0.0008433325082490839, "Time": 94.25897979736328, "Total time": 314.2767298221588}
{"Epoch": 4, "Training Loss": 0.0008646257980458039, "Validation Loss": 0.0008480191610100718, "Time": 99.94169974327087, "Total time": 414.2184295654297}
{"Epoch": 5, "Training Loss": 0.0008533965315700165, "Validation Loss": 0.0008565245776530617, "Time": 95.29788184165955, "Total time": 509.51631140708923}
{"Epoch": 6, "Training Loss": 0.0008404457763246942, "Validation Loss": 0.0008819299410061099, "Time": 102.97731304168701, "Total time": 612.4936232566833}
{"Epoch": 7, "Training Loss": 0.0008268069522319177, "Validation Loss": 0.0008437136286962854, "Time": 91.38596081733704, "Total time": 703.8795840740204}
