{"Epoch": 0, "Training Loss": 0.01043284391812449, "Validation Loss": 0.03628168891009409, "Time": 2.220582962036133, "Total time": 2.220582962036133}
{"Epoch": 1, "Training Loss": 0.00804541825209526, "Validation Loss": 0.03250862982531544, "Time": 2.1731910705566406, "Total time": 4.393774032592773}
{"Epoch": 2, "Training Loss": 0.007713434754577975, "Validation Loss": 0.03203445983672282, "Time": 2.170236110687256, "Total time": 6.564010143280029}
{"Epoch": 3, "Training Loss": 0.007633708216189916, "Validation Loss": 0.030851851872284897, "Time": 2.144534111022949, "Total time": 8.708544254302979}
{"Epoch": 4, "Training Loss": 0.007922154815105387, "Validation Loss": 0.03028548751899507, "Time": 2.1739180088043213, "Total time": 10.8824622631073}
{"Epoch": 5, "Training Loss": 0.00775240058487725, "Validation Loss": 0.029220755059213843, "Time": 2.180551052093506, "Total time": 13.06301212310791}
{"Epoch": 6, "Training Loss": 0.008152358488587197, "Validation Loss": 0.03728556745045353, "Time": 2.1627309322357178, "Total time": 15.225743055343628}
{"Epoch": 7, "Training Loss": 0.008189146682070714, "Validation Loss": 0.028940764983417466, "Time": 2.1404991149902344, "Total time": 17.366242170333862}
{"Epoch": 8, "Training Loss": 0.008514648008713266, "Validation Loss": 0.03261609965557, "Time": 2.2294399738311768, "Total time": 19.59568214416504}
{"Epoch": 9, "Training Loss": 0.008253252461599914, "Validation Loss": 0.028565993947267998, "Time": 2.1625258922576904, "Total time": 21.75820803642273}
{"Epoch": 0, "Training Loss": 2.5598619412630796, "Validation Loss": 2.4768954943865538, "Training Acc": 0.35057684301864356, "Validation Acc": 0.37052631517872214, "Time": 2.387770175933838, "Total time": 2.387770175933838}
{"Epoch": 1, "Training Loss": 2.5273601522203535, "Validation Loss": 2.459320390596986, "Training Acc": 0.3624860350973904, "Validation Acc": 0.37052631517872214, "Time": 2.472763776779175, "Total time": 4.860532999038696}
{"Epoch": 2, "Training Loss": 2.5226954945828766, "Validation Loss": 2.460747791454196, "Training Acc": 0.3624860350973904, "Validation Acc": 0.37052631517872214, "Time": 2.465505838394165, "Total time": 7.326037883758545}
{"Epoch": 3, "Training Loss": 2.511821242980659, "Validation Loss": 2.4545494820922613, "Training Acc": 0.3624860350973904, "Validation Acc": 0.37052631517872214, "Time": 2.4421792030334473, "Total time": 9.768217086791992}
{"Epoch": 4, "Training Loss": 2.4586898944107816, "Validation Loss": 2.4586888421326876, "Training Acc": 0.3624860350973904, "Validation Acc": 0.37052631517872214, "Time": 2.4852569103240967, "Total time": 12.253473997116089}
{"Epoch": 5, "Training Loss": 2.430029956623912, "Validation Loss": 2.488943448290229, "Training Acc": 0.3624860350973904, "Validation Acc": 0.37052631517872214, "Time": 2.4592201709747314, "Total time": 14.71269416809082}
{"Epoch": 6, "Training Loss": 2.404267844685819, "Validation Loss": 2.4562674444168806, "Training Acc": 0.3624860350973904, "Validation Acc": 0.37052631517872214, "Time": 2.471886157989502, "Total time": 17.184579133987427}
{"Epoch": 7, "Training Loss": 2.3837888542329893, "Validation Loss": 2.4037247262895107, "Training Acc": 0.36211387265939265, "Validation Acc": 0.37052631517872214, "Time": 2.4758570194244385, "Total time": 19.660436153411865}
{"Epoch": 8, "Training Loss": 2.370007462683134, "Validation Loss": 2.3966338858008385, "Training Acc": 0.3621138730086386, "Validation Acc": 0.3810526328161359, "Time": 2.463392972946167, "Total time": 22.123829126358032}
{"Epoch": 9, "Training Loss": 2.3580118502723053, "Validation Loss": 2.379240833222866, "Training Acc": 0.3595087373396382, "Validation Acc": 0.3810526328161359, "Time": 2.5083208084106445, "Total time": 24.632149934768677}
